{
  "model/models.js": 1612515143167,
  "controller/View1.controller.js": 1612515143163,
  "i18n/i18n.properties": 1612515143163,
  "manifest.json": 1612516615565,
  "Component.js": 1612515143163,
  "manifest-bundle.zip": 1612516615397,
  "Component-preload.js": 1612516615546,
  "controller/View1-dbg.controller.js": 1612515143163,
  "model/models-dbg.js": 1612515143167,
  "Component-dbg.js": 1612515143163,
  "resources.json": 1612516615567,
  "view/View1.view.xml": 1612515997594,
  "css/style.css": 1612515143163,
  "index.html": 1612515143163
}